User ID,Name,Date,Time
jerry1,TomJerry,04-05-2025,20:10:06
123,Muskan,04-05-2025,20:12:12
deed4,Harry Potter,04-05-2025,20:34:27
deed4,Harry Potter,04-05-2025,20:35:30
jerry1,TomJerry,04-05-2025,20:35:55
jerry1,TomJerry,04-05-2025,20:39:20
jerry1,TomJerry,04-05-2025,20:39:33
jerry1,TomJerry,04-05-2025,20:39:47
jerry1,TomJerry,04-05-2025,21:18:38
deed4,Harry Potter,04-05-2025,21:19:49
deed4,Harry Potter,04-05-2025,21:34:47
deed4,Harry Potter,04-05-2025,21:40:17
deed4,Harry Potter,04-05-2025,21:40:54
deed4,Harry Potter,04-05-2025,21:57:59
jerry1,TomJerry,04-05-2025,22:07:58
jerry1,TomJerry,04-05-2025,22:09:37
